id;read_date;created_date;last_modified_date;created_by;last_modified_by;is_deleted;post_comment_id;post_feed_id;direct_message_id;target_user_id;like_mark
1;2024-03-02T03:37:51;2024-03-01T18:40:46;2024-03-01T17:40:26;nor unionise;although gild;true;10866;23309;494;25184;20816
2;2024-03-01T14:33:51;2024-03-01T18:11:16;2024-03-02T05:07:30;fat brr towards;subtle prejudge;false;23278;27748;10002;8179;26044
3;2024-03-02T03:18:37;2024-03-02T06:57:45;2024-03-01T18:15:08;though gestate duh;anchored apud atomize;false;13838;5447;14341;6586;17851
4;2024-03-01T14:02:17;2024-03-01T19:28:56;2024-03-02T00:36:06;atop;forage bangle;false;31123;16866;6737;10330;5701
5;2024-03-02T08:51:33;2024-03-02T05:22:27;2024-03-02T06:51:55;which until;make because;true;1653;435;115;26972;32077
6;2024-03-01T12:58:56;2024-03-01T13:25:38;2024-03-02T08:04:41;siphon leap yet;large;false;3446;8634;13951;621;2690
7;2024-03-02T02:45:33;2024-03-01T18:10:11;2024-03-01T17:49:55;greet vigorous consequently;geez shape;true;2330;6044;30771;25378;20339
8;2024-03-01T23:41:00;2024-03-02T02:03:39;2024-03-01T21:18:12;beside;yieldingly minus;false;5187;19138;16420;10844;6216
9;2024-03-01T19:29:23;2024-03-02T06:47:57;2024-03-02T01:13:32;rainmaker intently ha;decriminalise barge since;false;25209;27161;20357;24182;3907
10;2024-03-01T16:56:29;2024-03-02T05:08:09;2024-03-02T08:53:04;hence instil taut;shelf;false;4725;6938;2806;4531;29240
